"ensembl_gene_id","baseMean","log2FoldChange","lfcSE","stat","pvalue","padj","external_gene_name","description"
"ENSG00000289474",12429.7870892859,-7.20639367885032,1.09921269398129,-6.55595929551101,5.5285310971061e-11,9.64231108646275e-07,"","novel transcript, antisense to KIF5C"
"ENSG00000072952",3960.120177562,-1.46855613290509,0.318840904781982,-4.60592135726521,4.10643571824731e-06,0.0278676682660611,"IRAG1","inositol 1,4,5-triphosphate receptor associated 1 [Source:HGNC Symbol;Acc:HGNC:7237]"
"ENSG00000130758",555.254445195815,1.40083248931934,0.306284656144186,4.57362933864986,4.79347541988322e-06,0.0278676682660611,"MAP3K10","mitogen-activated protein kinase kinase kinase 10 [Source:HGNC Symbol;Acc:HGNC:6849]"
