"ensembl_gene_id","baseMean","log2FoldChange","lfcSE","stat","pvalue","padj","external_gene_name","description"
"ENSG00000229807",106.055586629867,-8.53277588951468,0.783062378282554,-10.8966745513035,1.19546925886917e-27,3.3206151113856e-24,"XIST","X inactive specific transcript [Source:HGNC Symbol;Acc:HGNC:12810]"
"ENSG00000274642",15.2512133896006,-2.66703659746075,0.61885876574663,-4.30960462237789,1.63546674173346e-05,0.0170354304485812,"","phosphodiesterase 4D interacting protein (PDE4DIP) pseudogene"
"ENSG00000237310",40.5864336366621,-1.44798781890204,0.348263512928453,-4.15773621165852,3.21416860984151e-05,0.029759630028677,"LINC03011","long intergenic non-protein coding RNA 3011 [Source:HGNC Symbol;Acc:HGNC:56136]"
"ENSG00000225405",3.19250127443576,-4.45930436149662,1.07745675074495,-4.13873165527384,3.49231133521931e-05,0.031180103953267,"RPS15AP17","ribosomal protein S15a pseudogene 17 [Source:HGNC Symbol;Acc:HGNC:36888]"
"ENSG00000134873",696.299557480346,-1.3429937292618,0.326291326158832,-4.11593450880779,3.85613797706471e-05,0.0321331977628803,"CLDN10","claudin 10 [Source:HGNC Symbol;Acc:HGNC:2033]"
